2022-10-07 21:31:47.784227,-128,-127,128000,65535
2022-10-07 21:31:47.835488,-128,-120,130560,65535
2022-10-07 21:31:47.886738,-128,-112,130560,65535
2022-10-07 21:31:48.438530,-128,-104,130560,65535
2022-10-07 21:31:48.489684,-128,-96,130560,65535
2022-10-07 21:31:48.540905,-128,-88,130560,65535
2022-10-07 21:31:48.592184,-128,-80,130560,65535
2022-10-07 21:31:48.643445,-128,-72,135680,65535
2022-10-07 21:31:48.694569,-128,-64,189440,65535
2022-10-07 21:31:48.745808,-128,-56,261120,65535
2022-10-07 21:31:48.797139,-128,-48,258560,65535
2022-10-07 21:31:48.848347,-128,-40,261120,65535
2022-10-07 21:31:48.899482,-128,-32,261120,65535
2022-10-07 21:31:49.451274,-128,-24,261120,65535
2022-10-07 21:31:49.502562,-128,-16,256000,65535
2022-10-07 21:31:49.553584,-128,-8,261120,65535
2022-10-07 21:31:49.604880,-128,127,130560,65535
2022-10-07 21:31:49.656208,-128,120,133120,65535
2022-10-07 21:31:49.707397,-128,112,133120,65535
2022-10-07 21:31:49.758494,-128,104,133120,65535
2022-10-07 21:31:49.809632,-128,96,133120,65535
2022-10-07 21:31:49.860783,-128,88,133120,65535
2022-10-07 21:31:49.911954,-128,80,133120,65535
2022-10-07 21:31:50.463763,-128,72,135680,65535
2022-10-07 21:31:50.514927,-128,64,179200,65535
2022-10-07 21:31:50.566136,-128,56,250880,65535
2022-10-07 21:31:50.617350,-128,48,261120,65535
2022-10-07 21:31:50.668503,-128,40,261120,65535
2022-10-07 21:31:50.719557,-128,32,261120,65535
2022-10-07 21:31:50.770708,-128,24,256000,65535
2022-10-07 21:31:50.822042,-128,16,256000,65535
2022-10-07 21:31:50.873208,-128,8,253440,65535
2022-10-07 21:31:50.924414,-128,0,258560,65535
2022-10-07 21:31:51.476148,-120,-127,128000,65535
2022-10-07 21:31:51.527334,-120,-120,130560,65535
2022-10-07 21:31:51.578628,-120,-112,130560,65535
2022-10-07 21:31:51.629507,-120,-104,130560,65535
2022-10-07 21:31:51.680613,-120,-96,130560,65535
2022-10-07 21:31:51.731767,-120,-88,130560,65535
2022-10-07 21:31:51.782989,-120,-80,130560,65535
2022-10-07 21:31:51.834278,-120,-72,135680,65535
2022-10-07 21:31:51.885479,-120,-64,204800,65535
2022-10-07 21:31:51.936586,-120,-56,258560,65535
2022-10-07 21:31:52.488371,-120,-48,261120,65535
2022-10-07 21:31:52.539644,-120,-40,261120,65535
2022-10-07 21:31:52.590718,-120,-32,261120,65535
2022-10-07 21:31:52.641907,-120,-24,263680,65535
2022-10-07 21:31:52.693176,-120,-16,279040,65535
2022-10-07 21:31:52.744256,-120,-8,376320,65535
2022-10-07 21:31:52.795463,-120,127,130560,65535
2022-10-07 21:31:52.846594,-120,120,133120,65535
2022-10-07 21:31:52.897533,-120,112,133120,65535
2022-10-07 21:31:52.948644,-120,104,133120,65535
2022-10-07 21:31:53.500326,-120,96,133120,65535
2022-10-07 21:31:53.551224,-120,88,133120,65535
2022-10-07 21:31:53.602420,-120,80,133120,65535
2022-10-07 21:31:53.653601,-120,72,135680,65535
2022-10-07 21:31:53.704697,-120,64,186880,65535
2022-10-07 21:31:53.755995,-120,56,253440,65535
2022-10-07 21:31:53.807279,-120,48,261120,65535
2022-10-07 21:31:53.858473,-120,40,261120,65535
2022-10-07 21:31:53.909776,-120,32,261120,65535
2022-10-07 21:31:53.960905,-120,24,263680,65535
2022-10-07 21:31:54.512664,-120,16,294400,65535
2022-10-07 21:31:54.563966,-120,8,430080,65535
2022-10-07 21:31:54.615295,-120,0,540160,65535
2022-10-07 21:31:54.666463,-112,-127,130560,65535
2022-10-07 21:31:54.717799,-112,-120,130560,65535
2022-10-07 21:31:54.768817,-112,-112,130560,65535
2022-10-07 21:31:54.820140,-112,-104,130560,65535
2022-10-07 21:31:54.871354,-112,-96,130560,65535
2022-10-07 21:31:54.922534,-112,-88,130560,65535
2022-10-07 21:31:54.973746,-112,-80,130560,65535
2022-10-07 21:31:55.525406,-112,-72,135680,65535
2022-10-07 21:31:55.576767,-112,-64,192000,65535
2022-10-07 21:31:55.627890,-112,-56,261120,65535
2022-10-07 21:31:55.679035,-112,-48,261120,65535
2022-10-07 21:31:55.730324,-112,-40,261120,65535
2022-10-07 21:31:55.781496,-112,-32,261120,65535
2022-10-07 21:31:55.832712,-112,-24,271360,65535
2022-10-07 21:31:55.883847,-112,-16,337920,65535
2022-10-07 21:31:55.935124,-112,-8,665600,65535
2022-10-07 21:31:55.986416,-112,127,130560,65535
2022-10-07 21:31:56.538296,-112,120,133120,65535
2022-10-07 21:31:56.589478,-112,112,133120,65535
2022-10-07 21:31:56.640664,-112,104,133120,65535
2022-10-07 21:31:56.691605,-112,96,133120,65535
2022-10-07 21:31:56.742768,-112,88,133120,65535
2022-10-07 21:31:56.793822,-112,80,133120,65535
2022-10-07 21:31:56.845230,-112,72,135680,65535
2022-10-07 21:31:56.896483,-112,64,181760,65535
2022-10-07 21:31:56.947679,-112,56,253440,65535
2022-10-07 21:31:56.998807,-112,48,261120,65535
2022-10-07 21:31:57.550710,-112,40,261120,65535
2022-10-07 21:31:57.601839,-112,32,261120,65535
2022-10-07 21:31:57.653046,-112,24,279040,65535
2022-10-07 21:31:57.704275,-112,16,378880,65535
2022-10-07 21:31:57.755435,-112,8,872960,65535
2022-10-07 21:31:57.806628,-112,0,1569280,65535
2022-10-07 21:31:57.857928,-104,-127,130560,65535
2022-10-07 21:31:57.909022,-104,-120,130560,65535
2022-10-07 21:31:57.960194,-104,-112,130560,65535
2022-10-07 21:31:58.011353,-104,-104,130560,65535
2022-10-07 21:31:58.563153,-104,-96,130560,65535
2022-10-07 21:31:58.614314,-104,-88,130560,65535
2022-10-07 21:31:58.665477,-104,-80,130560,65535
2022-10-07 21:31:58.716680,-104,-72,135680,65535
2022-10-07 21:31:58.767824,-104,-64,186880,65535
2022-10-07 21:31:58.819027,-104,-56,258560,65535
2022-10-07 21:31:58.870207,-104,-48,258560,65535
2022-10-07 21:31:58.921355,-104,-40,261120,65535
2022-10-07 21:31:58.972507,-104,-32,266240,65535
2022-10-07 21:31:59.023791,-104,-24,304640,65535
2022-10-07 21:31:59.575537,-104,-16,494080,65535
2022-10-07 21:31:59.626752,-104,-8,1715200,65535
2022-10-07 21:31:59.677944,-104,127,133120,65535
2022-10-07 21:31:59.729112,-104,120,133120,65535
2022-10-07 21:31:59.780277,-104,112,133120,65535
2022-10-07 21:31:59.831424,-104,104,133120,65535
2022-10-07 21:31:59.882700,-104,96,133120,65535
2022-10-07 21:31:59.933924,-104,88,133120,65535
2022-10-07 21:31:59.984986,-104,80,133120,65535
2022-10-07 21:32:00.036239,-104,72,135680,65535
2022-10-07 21:32:00.587987,-104,64,179200,65535
2022-10-07 21:32:00.639168,-104,56,256000,65535
2022-10-07 21:32:00.690310,-104,48,258560,65535
2022-10-07 21:32:00.741459,-104,40,261120,65535
2022-10-07 21:32:00.792652,-104,32,268800,65535
2022-10-07 21:32:00.843654,-104,24,322560,65535
2022-10-07 21:32:00.894854,-104,16,650240,65535
2022-10-07 21:32:00.946157,-104,8,2593280,65535
2022-10-07 21:32:00.997395,-104,0,6161920,65535
2022-10-07 21:32:01.048631,-96,-127,128000,65535
2022-10-07 21:32:01.600558,-96,-120,130560,65535
2022-10-07 21:32:01.651905,-96,-112,130560,65535
2022-10-07 21:32:01.703048,-96,-104,130560,65535
2022-10-07 21:32:01.754370,-96,-96,130560,65535
2022-10-07 21:32:01.805495,-96,-88,130560,65535
2022-10-07 21:32:01.856677,-96,-80,130560,65535
2022-10-07 21:32:01.907882,-96,-72,133120,65535
2022-10-07 21:32:01.959189,-96,-64,192000,65535
2022-10-07 21:32:02.010420,-96,-56,258560,65535
2022-10-07 21:32:02.061577,-96,-48,258560,65535
2022-10-07 21:32:02.613482,-96,-40,261120,65535
2022-10-07 21:32:02.664646,-96,-32,281600,65535
2022-10-07 21:32:02.715856,-96,-24,386560,65535
2022-10-07 21:32:02.766800,-96,-16,944640,65535
2022-10-07 21:32:02.817988,-96,-8,5619200,65535
2022-10-07 21:32:02.869102,-96,127,133120,65535
2022-10-07 21:32:02.920258,-96,120,133120,65535
2022-10-07 21:32:02.971449,-96,112,133120,65535
2022-10-07 21:32:03.022638,-96,104,133120,65535
2022-10-07 21:32:03.073845,-96,96,133120,65535
2022-10-07 21:32:03.625607,-96,88,133120,65535
2022-10-07 21:32:03.676820,-96,80,133120,65535
2022-10-07 21:32:03.728156,-96,72,133120,65535
2022-10-07 21:32:03.779231,-96,64,181760,65535
2022-10-07 21:32:03.830421,-96,56,253440,65535
2022-10-07 21:32:03.881556,-96,48,261120,65535
2022-10-07 21:32:03.932862,-96,40,261120,65535
2022-10-07 21:32:03.984042,-96,32,281600,65535
2022-10-07 21:32:04.035166,-96,24,427520,65535
2022-10-07 21:32:04.086388,-96,16,1269760,65535
2022-10-07 21:32:04.638132,-96,8,10124800,65535
2022-10-07 21:32:04.689275,-96,0,28674560,65535
2022-10-07 21:32:04.740405,-88,-127,128000,65535
2022-10-07 21:32:04.791545,-88,-120,130560,65535
2022-10-07 21:32:04.842710,-88,-112,130560,65535
2022-10-07 21:32:04.894032,-88,-104,130560,65535
2022-10-07 21:32:04.945307,-88,-96,130560,65535
2022-10-07 21:32:04.996432,-88,-88,130560,65535
2022-10-07 21:32:05.047544,-88,-80,130560,65535
2022-10-07 21:32:05.098706,-88,-72,135680,65535
2022-10-07 21:32:05.650518,-88,-64,189440,65535
2022-10-07 21:32:05.701802,-88,-56,258560,65535
2022-10-07 21:32:05.753199,-88,-48,258560,65535
2022-10-07 21:32:05.804328,-88,-40,266240,65535
2022-10-07 21:32:05.855544,-88,-32,327680,65535
2022-10-07 21:32:05.906694,-88,-24,588800,65535
2022-10-07 21:32:05.957874,-88,-16,2542080,65535
2022-10-07 21:32:06.009259,-88,-8,21731840,65535
2022-10-07 21:32:06.060295,-88,127,133120,65535
2022-10-07 21:32:06.111414,-88,120,133120,65535
2022-10-07 21:32:06.663158,-88,112,133120,65535
2022-10-07 21:32:06.714306,-88,104,133120,65535
2022-10-07 21:32:06.765429,-88,96,133120,65535
2022-10-07 21:32:06.816675,-88,88,133120,65535
2022-10-07 21:32:06.867838,-88,80,133120,65535
2022-10-07 21:32:06.919033,-88,72,135680,65535
2022-10-07 21:32:06.970231,-88,64,181760,65535
2022-10-07 21:32:07.021290,-88,56,256000,65535
2022-10-07 21:32:07.072416,-88,48,261120,65535
2022-10-07 21:32:07.123587,-88,40,268800,65535
2022-10-07 21:32:07.675375,-88,32,332800,65535
2022-10-07 21:32:07.726484,-88,24,706560,65535
2022-10-07 21:32:07.777610,-88,16,4449280,65535
2022-10-07 21:32:07.828766,-88,8,52741120,65535
2022-10-07 21:32:07.980292,-88,0,138165760,65535
2022-10-07 21:32:08.031328,-80,-127,128000,65535
2022-10-07 21:32:08.082445,-80,-120,130560,65535
2022-10-07 21:32:08.134105,-80,-112,130560,65535
2022-10-07 21:32:08.685819,-80,-104,130560,65535
2022-10-07 21:32:08.737035,-80,-96,130560,65535
2022-10-07 21:32:08.788011,-80,-88,130560,65535
2022-10-07 21:32:08.839215,-80,-80,130560,65535
2022-10-07 21:32:08.890140,-80,-72,135680,65535
2022-10-07 21:32:08.941279,-80,-64,194560,65535
2022-10-07 21:32:08.992355,-80,-56,258560,65535
2022-10-07 21:32:09.043597,-80,-48,258560,65535
2022-10-07 21:32:09.094798,-80,-40,276480,65535
2022-10-07 21:32:09.145987,-80,-32,435200,65535
2022-10-07 21:32:09.697804,-80,-24,1180160,65535
2022-10-07 21:32:09.749086,-80,-16,9587200,65535
2022-10-07 21:32:09.900651,-80,-8,104396800,65535
2022-10-07 21:32:09.951876,-80,127,130560,65535
2022-10-07 21:32:10.003095,-80,120,133120,65535
2022-10-07 21:32:10.054281,-80,112,133120,65535
2022-10-07 21:32:10.105377,-80,104,133120,65535
2022-10-07 21:32:10.156536,-80,96,133120,65535
2022-10-07 21:32:10.708355,-80,88,133120,65535
2022-10-07 21:32:10.759479,-80,80,133120,65535
2022-10-07 21:32:10.810596,-80,72,133120,65535
2022-10-07 21:32:10.861735,-80,64,181760,65535
2022-10-07 21:32:10.913088,-80,56,253440,65535
2022-10-07 21:32:10.964296,-80,48,258560,65535
2022-10-07 21:32:11.015434,-80,40,284160,65535
2022-10-07 21:32:11.066479,-80,32,432640,65535
2022-10-07 21:32:11.117603,-80,24,1576960,65535
2022-10-07 21:32:11.168739,-80,16,18268160,65535
2022-10-07 21:32:11.820759,-80,8,167769600,38766
2022-10-07 21:32:11.972253,-80,0,167769600,12874
2022-10-07 21:32:12.023410,-72,-127,128000,65535
2022-10-07 21:32:12.074471,-72,-120,130560,65535
2022-10-07 21:32:12.125586,-72,-112,130560,65535
2022-10-07 21:32:12.176717,-72,-104,130560,65535
2022-10-07 21:32:12.728459,-72,-96,130560,65535
2022-10-07 21:32:12.779588,-72,-88,130560,65535
2022-10-07 21:32:12.830717,-72,-80,130560,65535
2022-10-07 21:32:12.881848,-72,-72,135680,65535
2022-10-07 21:32:12.933007,-72,-64,189440,65535
2022-10-07 21:32:12.984225,-72,-56,261120,65535
2022-10-07 21:32:13.035384,-72,-48,261120,65535
2022-10-07 21:32:13.086509,-72,-40,309760,65535
2022-10-07 21:32:13.137538,-72,-32,714240,65535
2022-10-07 21:32:13.188664,-72,-24,3399680,65535
2022-10-07 21:32:13.740409,-72,-16,35527680,65535
2022-10-07 21:32:13.891792,-72,-8,167769600,22269
2022-10-07 21:32:13.942928,-72,127,130560,65535
2022-10-07 21:32:13.994111,-72,120,133120,65535
2022-10-07 21:32:14.045293,-72,112,133120,65535
2022-10-07 21:32:14.096460,-72,104,133120,65535
2022-10-07 21:32:14.147531,-72,96,133120,65535
2022-10-07 21:32:14.198654,-72,88,133120,65535
2022-10-07 21:32:14.750412,-72,80,133120,65535
2022-10-07 21:32:14.801549,-72,72,133120,65535
2022-10-07 21:32:14.852607,-72,64,179200,65535
2022-10-07 21:32:14.903739,-72,56,258560,65535
2022-10-07 21:32:14.954875,-72,48,261120,65535
2022-10-07 21:32:15.006023,-72,40,320000,65535
2022-10-07 21:32:15.057221,-72,32,660480,65535
2022-10-07 21:32:15.108407,-72,24,5038080,65535
2022-10-07 21:32:15.760562,-72,16,91402240,65535
2022-10-07 21:32:15.911941,-72,8,167769600,4768
2022-10-07 21:32:16.063753,-72,0,167769600,1622
2022-10-07 21:32:16.114810,-64,-127,128000,65535
2022-10-07 21:32:16.165947,-64,-120,130560,65535
2022-10-07 21:32:16.217193,-64,-112,130560,65535
2022-10-07 21:32:16.769095,-64,-104,130560,65535
2022-10-07 21:32:16.820278,-64,-96,130560,65535
2022-10-07 21:32:16.871470,-64,-88,130560,65535
2022-10-07 21:32:16.922597,-64,-80,130560,65535
2022-10-07 21:32:16.973675,-64,-72,135680,65535
2022-10-07 21:32:17.024810,-64,-64,189440,65535
2022-10-07 21:32:17.075944,-64,-56,258560,65535
2022-10-07 21:32:17.127276,-64,-48,271360,65535
2022-10-07 21:32:17.178596,-64,-40,389120,65535
2022-10-07 21:32:17.229843,-64,-32,1477120,65535
2022-10-07 21:32:17.781756,-64,-24,12608000,65535
2022-10-07 21:32:17.933302,-64,-16,167769600,64056
2022-10-07 21:32:18.084782,-64,-8,167769600,3219
2022-10-07 21:32:18.135920,-64,127,130560,65535
2022-10-07 21:32:18.187076,-64,120,133120,65535
2022-10-07 21:32:18.238247,-64,112,133120,65535
2022-10-07 21:32:18.790189,-64,104,133120,65535
2022-10-07 21:32:18.841546,-64,96,133120,65535
2022-10-07 21:32:18.892724,-64,88,133120,65535
2022-10-07 21:32:18.943797,-64,80,133120,65535
2022-10-07 21:32:18.994932,-64,72,133120,65535
2022-10-07 21:32:19.046094,-64,64,181760,65535
2022-10-07 21:32:19.097260,-64,56,256000,65535
2022-10-07 21:32:19.148433,-64,48,271360,65535
2022-10-07 21:32:19.199622,-64,40,399360,65535
2022-10-07 21:32:19.250741,-64,32,1349120,65535
2022-10-07 21:32:19.802483,-64,24,21539840,65535
2022-10-07 21:32:19.954048,-64,16,167769600,18761
2022-10-07 21:32:20.105596,-64,8,167769600,414
2022-10-07 21:32:20.257202,-64,0,167769600,182
2022-10-07 21:32:20.808987,-56,-127,128000,65535
2022-10-07 21:32:20.860174,-56,-120,130560,65535
2022-10-07 21:32:20.911453,-56,-112,130560,65535
2022-10-07 21:32:20.963043,-56,-104,130560,65535
2022-10-07 21:32:21.014200,-56,-96,130560,65535
2022-10-07 21:32:21.065357,-56,-88,130560,65535
2022-10-07 21:32:21.116506,-56,-80,130560,65535
2022-10-07 21:32:21.167685,-56,-72,133120,65535
2022-10-07 21:32:21.218818,-56,-64,192000,65535
2022-10-07 21:32:21.269866,-56,-56,261120,65535
2022-10-07 21:32:21.821607,-56,-48,286720,65535
2022-10-07 21:32:21.872800,-56,-40,555520,65535
2022-10-07 21:32:21.923894,-56,-32,4620800,65535
2022-10-07 21:32:21.975149,-56,-24,54988800,65535
2022-10-07 21:32:22.126563,-56,-16,167769600,12167
2022-10-07 21:32:22.278121,-56,-8,167769600,313
2022-10-07 21:32:22.829928,-56,127,130560,65535
2022-10-07 21:32:22.881240,-56,120,133120,65535
2022-10-07 21:32:22.932507,-56,112,133120,65535
2022-10-07 21:32:22.983764,-56,104,133120,65535
2022-10-07 21:32:23.034938,-56,96,133120,65535
2022-10-07 21:32:23.085986,-56,88,133120,65535
2022-10-07 21:32:23.137145,-56,80,133120,65535
2022-10-07 21:32:23.188283,-56,72,133120,65535
2022-10-07 21:32:23.239423,-56,64,184320,65535
2022-10-07 21:32:23.290593,-56,56,256000,65535
2022-10-07 21:32:23.842450,-56,48,296960,65535
2022-10-07 21:32:23.893688,-56,40,499200,65535
2022-10-07 21:32:23.944856,-56,32,3591680,65535
2022-10-07 21:32:24.096369,-56,24,115814400,65535
2022-10-07 21:32:24.247815,-56,16,167769600,2361
2022-10-07 21:32:24.899858,-56,8,167769600,36
2022-10-07 21:32:25.051431,-56,0,167769600,1
2022-10-07 21:32:25.102759,-48,-127,128000,65535
2022-10-07 21:32:25.153927,-48,-120,130560,65535
2022-10-07 21:32:25.205075,-48,-112,130560,65535
2022-10-07 21:32:25.256279,-48,-104,130560,65535
2022-10-07 21:32:25.307429,-48,-96,130560,65535
2022-10-07 21:32:25.358612,-48,-88,130560,65535
2022-10-07 21:32:25.910602,-48,-80,130560,65535
2022-10-07 21:32:25.961937,-48,-72,133120,65535
2022-10-07 21:32:26.013087,-48,-64,186880,65535
2022-10-07 21:32:26.064216,-48,-56,258560,65535
2022-10-07 21:32:26.115482,-48,-48,332800,65535
2022-10-07 21:32:26.166655,-48,-40,870400,65535
2022-10-07 21:32:26.217852,-48,-32,16069120,65535
2022-10-07 21:32:26.369453,-48,-24,167769600,44759
2022-10-07 21:32:27.021472,-48,-16,167769600,1520
2022-10-07 21:32:27.173000,-48,-8,167769600,32
2022-10-07 21:32:27.224110,-48,127,130560,65535
2022-10-07 21:32:27.275323,-48,120,133120,65535
2022-10-07 21:32:27.326459,-48,112,133120,65535
2022-10-07 21:32:27.377648,-48,104,133120,65535
2022-10-07 21:32:27.929576,-48,96,133120,65535
2022-10-07 21:32:27.980857,-48,88,133120,65535
2022-10-07 21:32:28.032164,-48,80,133120,65535
2022-10-07 21:32:28.083219,-48,72,133120,65535
2022-10-07 21:32:28.134437,-48,64,179200,65535
2022-10-07 21:32:28.185660,-48,56,258560,65535
2022-10-07 21:32:28.236855,-48,48,337920,65535
2022-10-07 21:32:28.288039,-48,40,808960,65535
2022-10-07 21:32:28.339253,-48,32,14689280,65535
2022-10-07 21:32:28.991303,-48,24,167769600,15378
2022-10-07 21:32:29.142721,-48,16,167769600,315
2022-10-07 21:32:29.294230,-48,8,167769600,3
2022-10-07 21:32:29.445645,-48,0,167769600,2
2022-10-07 21:32:29.997431,-40,-127,128000,65535
2022-10-07 21:32:30.048525,-40,-120,130560,65535
2022-10-07 21:32:30.099667,-40,-112,130560,65535
2022-10-07 21:32:30.150839,-40,-104,130560,65535
2022-10-07 21:32:30.202036,-40,-96,130560,65535
2022-10-07 21:32:30.253229,-40,-88,130560,65535
2022-10-07 21:32:30.304430,-40,-80,130560,65535
2022-10-07 21:32:30.355527,-40,-72,135680,65535
2022-10-07 21:32:30.406668,-40,-64,186880,65535
2022-10-07 21:32:30.457917,-40,-56,263680,65535
2022-10-07 21:32:31.009695,-40,-48,407040,65535
2022-10-07 21:32:31.060866,-40,-40,2186240,65535
2022-10-07 21:32:31.212494,-40,-32,65776640,65535
2022-10-07 21:32:31.363916,-40,-24,167769600,7875
2022-10-07 21:32:32.016229,-40,-16,167769600,130
2022-10-07 21:32:32.167590,-40,-8,167769600,10
2022-10-07 21:32:32.218729,-40,127,130560,65535
2022-10-07 21:32:32.269890,-40,120,133120,65535
2022-10-07 21:32:32.321106,-40,112,133120,65535
2022-10-07 21:32:32.372309,-40,104,133120,65535
2022-10-07 21:32:32.423367,-40,96,133120,65535
2022-10-07 21:32:32.474564,-40,88,133120,65535
2022-10-07 21:32:33.026492,-40,80,133120,65535
2022-10-07 21:32:33.077619,-40,72,133120,65535
2022-10-07 21:32:33.128768,-40,64,176640,65535
2022-10-07 21:32:33.179935,-40,56,268800,65535
2022-10-07 21:32:33.231169,-40,48,391680,65535
2022-10-07 21:32:33.282352,-40,40,1495040,65535
2022-10-07 21:32:33.333497,-40,32,59921920,65535
2022-10-07 21:32:33.484995,-40,24,167769600,2299
2022-10-07 21:32:34.137212,-40,16,167769600,23
2022-10-07 21:32:34.288793,-40,8,167769600,0
2022-10-07 21:32:34.440542,-40,0,167769600,0
2022-10-07 21:32:34.491510,-32,-127,128000,65535
2022-10-07 21:32:35.043297,-32,-120,130560,65535
2022-10-07 21:32:35.094488,-32,-112,130560,65535
2022-10-07 21:32:35.145765,-32,-104,130560,65535
2022-10-07 21:32:35.197921,-32,-96,130560,65535
2022-10-07 21:32:35.248827,-32,-88,130560,65535
2022-10-07 21:32:35.300145,-32,-80,130560,65535
2022-10-07 21:32:35.351408,-32,-72,133120,65535
2022-10-07 21:32:35.402519,-32,-64,186880,65535
2022-10-07 21:32:35.453651,-32,-56,281600,65535
2022-10-07 21:32:35.504779,-32,-48,540160,65535
2022-10-07 21:32:36.056613,-32,-40,6297600,65535
2022-10-07 21:32:36.208180,-32,-32,167769600,30659
2022-10-07 21:32:36.359717,-32,-24,167769600,893
2022-10-07 21:32:36.511266,-32,-16,167769600,10
2022-10-07 21:32:37.163533,-32,-8,167769600,0
2022-10-07 21:32:37.214706,-32,127,130560,65535
2022-10-07 21:32:37.266113,-32,120,133120,65535
2022-10-07 21:32:37.317286,-32,112,133120,65535
2022-10-07 21:32:37.368448,-32,104,133120,65535
2022-10-07 21:32:37.419516,-32,96,133120,65535
2022-10-07 21:32:37.470716,-32,88,133120,65535
2022-10-07 21:32:37.521891,-32,80,133120,65535
2022-10-07 21:32:38.073898,-32,72,133120,65535
2022-10-07 21:32:38.125105,-32,64,179200,65535
2022-10-07 21:32:38.176355,-32,56,289280,65535
2022-10-07 21:32:38.227661,-32,48,486400,65535
2022-10-07 21:32:38.278658,-32,40,4029440,65535
2022-10-07 21:32:38.430120,-32,32,167769600,30951
2022-10-07 21:32:39.082249,-32,24,167769600,153
2022-10-07 21:32:39.233982,-32,16,167769600,2
2022-10-07 21:32:39.385744,-32,8,167769600,0
2022-10-07 21:32:39.537027,-32,0,167769600,0
2022-10-07 21:32:40.088869,-24,-127,128000,65535
2022-10-07 21:32:40.140004,-24,-120,130560,65535
2022-10-07 21:32:40.191175,-24,-112,130560,65535
2022-10-07 21:32:40.242350,-24,-104,130560,65535
2022-10-07 21:32:40.293534,-24,-96,130560,65535
2022-10-07 21:32:40.344736,-24,-88,130560,65535
2022-10-07 21:32:40.395863,-24,-80,130560,65535
2022-10-07 21:32:40.447162,-24,-72,135680,65535
2022-10-07 21:32:40.498408,-24,-64,186880,65535
2022-10-07 21:32:40.549556,-24,-56,304640,65535
2022-10-07 21:32:41.101523,-24,-48,852480,65535
2022-10-07 21:32:41.152689,-24,-40,21130240,65535
2022-10-07 21:32:41.304022,-24,-32,167769600,5335
2022-10-07 21:32:41.455586,-24,-24,167769600,72
2022-10-07 21:32:42.107796,-24,-16,167769600,0
2022-10-07 21:32:42.107827,-24,-8,167769600,0
2022-10-07 21:32:42.159111,-24,127,130560,65535
2022-10-07 21:32:42.210295,-24,120,133120,65535
2022-10-07 21:32:42.261614,-24,112,133120,65535
2022-10-07 21:32:42.312732,-24,104,133120,65535
2022-10-07 21:32:42.363860,-24,96,133120,65535
2022-10-07 21:32:42.414987,-24,88,133120,65535
2022-10-07 21:32:42.466197,-24,80,133120,65535
2022-10-07 21:32:42.517352,-24,72,133120,65535
2022-10-07 21:32:42.568622,-24,64,181760,65535
2022-10-07 21:32:43.120374,-24,56,312320,65535
2022-10-07 21:32:43.171534,-24,48,634880,65535
2022-10-07 21:32:43.222690,-24,40,16217600,65535
2022-10-07 21:32:43.374090,-24,32,167769600,5038
2022-10-07 21:32:43.525621,-24,24,167769600,15
2022-10-07 21:32:44.177833,-24,16,167769600,0
2022-10-07 21:32:44.177864,-24,8,167769600,0
2022-10-07 21:32:44.329431,-24,0,167769600,0
2022-10-07 21:32:44.380714,-16,-127,128000,65535
2022-10-07 21:32:44.431842,-16,-120,130560,65535
2022-10-07 21:32:44.482878,-16,-112,130560,65535
2022-10-07 21:32:44.534008,-16,-104,130560,65535
2022-10-07 21:32:44.585240,-16,-96,130560,65535
2022-10-07 21:32:44.636388,-16,-88,130560,65535
2022-10-07 21:32:45.188300,-16,-80,130560,65535
2022-10-07 21:32:45.239565,-16,-72,135680,65535
2022-10-07 21:32:45.290751,-16,-64,189440,65535
2022-10-07 21:32:45.341866,-16,-56,360960,65535
2022-10-07 21:32:45.392910,-16,-48,1745920,65535
2022-10-07 21:32:45.544361,-16,-40,114275840,65535
2022-10-07 21:32:46.196395,-16,-32,167769600,590
2022-10-07 21:32:46.347851,-16,-24,167769600,9
2022-10-07 21:32:46.499243,-16,-16,167769600,0
2022-10-07 21:32:46.499274,-16,-8,167769600,0
2022-10-07 21:32:46.550389,-16,127,130560,65535
2022-10-07 21:32:46.601537,-16,120,133120,65535
2022-10-07 21:32:46.652737,-16,112,133120,65535
2022-10-07 21:32:47.204591,-16,104,133120,65535
2022-10-07 21:32:47.255829,-16,96,133120,65535
2022-10-07 21:32:47.306948,-16,88,133120,65535
2022-10-07 21:32:47.358106,-16,80,133120,65535
2022-10-07 21:32:47.409237,-16,72,133120,65535
2022-10-07 21:32:47.460360,-16,64,179200,65535
2022-10-07 21:32:47.511484,-16,56,345600,65535
2022-10-07 21:32:47.562779,-16,48,1026560,65535
2022-10-07 21:32:48.214903,-16,40,77263360,65535
2022-10-07 21:32:48.366357,-16,32,167769600,683
2022-10-07 21:32:48.517897,-16,24,167769600,0
2022-10-07 21:32:48.517932,-16,16,167769600,0
2022-10-07 21:32:48.517949,-16,8,167769600,0
2022-10-07 21:32:48.669468,-16,0,167769600,0
2022-10-07 21:32:49.221264,-8,-127,128000,65535
2022-10-07 21:32:49.272391,-8,-120,130560,65535
2022-10-07 21:32:49.323509,-8,-112,130560,65535
2022-10-07 21:32:49.374680,-8,-104,130560,65535
2022-10-07 21:32:49.425876,-8,-96,130560,65535
2022-10-07 21:32:49.477379,-8,-88,130560,65535
2022-10-07 21:32:49.528491,-8,-80,130560,65535
2022-10-07 21:32:49.579660,-8,-72,135680,65535
2022-10-07 21:32:49.630853,-8,-64,197120,65535
2022-10-07 21:32:49.682001,-8,-56,450560,65535
2022-10-07 21:32:50.233834,-8,-48,5440000,65535
2022-10-07 21:32:50.385335,-8,-40,167769600,15957
2022-10-07 21:32:50.536765,-8,-32,167769600,43
2022-10-07 21:32:50.688356,-8,-24,167769600,0
2022-10-07 21:32:50.688387,-8,-16,167769600,0
2022-10-07 21:32:50.688400,-8,-8,167769600,0
2022-10-07 21:32:51.240137,-8,127,130560,65535
2022-10-07 21:32:51.291429,-8,120,133120,65535
2022-10-07 21:32:51.342541,-8,112,133120,65535
2022-10-07 21:32:51.393858,-8,104,133120,65535
2022-10-07 21:32:51.445027,-8,96,133120,65535
2022-10-07 21:32:51.496237,-8,88,133120,65535
2022-10-07 21:32:51.547471,-8,80,133120,65535
2022-10-07 21:32:51.598761,-8,72,133120,65535
2022-10-07 21:32:51.649959,-8,64,179200,65535
2022-10-07 21:32:51.701139,-8,56,407040,65535
2022-10-07 21:32:52.252806,-8,48,2245120,65535
2022-10-07 21:32:52.404326,-8,40,167769600,25412
2022-10-07 21:32:52.555803,-8,32,167769600,29
2022-10-07 21:32:52.707388,-8,24,167769600,0
2022-10-07 21:32:52.707419,-8,16,167769600,0
2022-10-07 21:32:52.707433,-8,8,167769600,0
2022-10-07 21:32:53.359495,-8,0,167769600,0
2022-10-07 21:32:53.410645,0,-127,128000,65535
2022-10-07 21:32:53.461809,0,-120,130560,65535
2022-10-07 21:32:53.513130,0,-112,130560,65535
2022-10-07 21:32:53.564237,0,-104,130560,65535
2022-10-07 21:32:53.615460,0,-96,130560,65535
2022-10-07 21:32:53.666571,0,-88,130560,65535
2022-10-07 21:32:53.717753,0,-80,130560,65535
2022-10-07 21:32:54.269608,0,-72,133120,65535
2022-10-07 21:32:54.320777,0,-64,197120,65535
2022-10-07 21:32:54.371963,0,-56,537600,65535
2022-10-07 21:32:54.423177,0,-48,18439680,65535
2022-10-07 21:32:54.574535,0,-40,167769600,2584
2022-10-07 21:32:54.725980,0,-32,167769600,4
2022-10-07 21:32:55.378402,0,-24,167769600,0
2022-10-07 21:32:55.378438,0,-16,167769600,0
2022-10-07 21:32:55.378455,0,-8,167769600,0
2022-10-07 21:32:55.429425,0,127,130560,65535
2022-10-07 21:32:55.480679,0,120,133120,65535
2022-10-07 21:32:55.531929,0,112,133120,65535
2022-10-07 21:32:55.583144,0,104,133120,65535
2022-10-07 21:32:55.634354,0,96,133120,65535
2022-10-07 21:32:55.685526,0,88,133120,65535
2022-10-07 21:32:55.736731,0,80,133120,65535
2022-10-07 21:32:56.288615,0,72,133120,65535
2022-10-07 21:32:56.339757,0,64,184320,65535
2022-10-07 21:32:56.390928,0,56,442880,65535
2022-10-07 21:32:56.442153,0,48,5278720,65535
2022-10-07 21:32:56.593574,0,40,167769600,4174
2022-10-07 21:32:56.745029,0,32,167769600,15
2022-10-07 21:32:57.397335,0,24,167769600,0
2022-10-07 21:32:57.397370,0,16,167769600,0
2022-10-07 21:32:57.397386,0,8,167769600,0
2022-10-07 21:32:57.548871,0,0,167769600,0
2022-10-07 21:32:57.600053,8,-127,128000,65535
2022-10-07 21:32:57.651412,8,-120,130560,65535
2022-10-07 21:32:57.702449,8,-112,130560,65535
2022-10-07 21:32:57.753547,8,-104,130560,65535
2022-10-07 21:32:58.305306,8,-96,130560,65535
2022-10-07 21:32:58.356443,8,-88,130560,65535
2022-10-07 21:32:58.407473,8,-80,130560,65535
2022-10-07 21:32:58.458590,8,-72,133120,65535
2022-10-07 21:32:58.509714,8,-64,197120,65535
2022-10-07 21:32:58.560860,8,-56,683520,65535
2022-10-07 21:32:58.712364,8,-48,60567040,65535
2022-10-07 21:32:59.364391,8,-40,167769600,416
2022-10-07 21:32:59.515760,8,-32,167769600,0
2022-10-07 21:32:59.515791,8,-24,167769600,0
2022-10-07 21:32:59.515805,8,-16,167769600,0
2022-10-07 21:32:59.515817,8,-8,167769600,0
2022-10-07 21:32:59.567004,8,127,130560,65535
2022-10-07 21:32:59.618287,8,120,133120,65535
2022-10-07 21:32:59.669450,8,112,133120,65535
2022-10-07 21:32:59.720610,8,104,133120,65535
2022-10-07 21:32:59.771739,8,96,133120,65535
2022-10-07 21:32:59.822879,8,88,133120,65535
2022-10-07 21:33:00.374659,8,80,133120,65535
2022-10-07 21:33:00.425803,8,72,133120,65535
2022-10-07 21:33:00.476945,8,64,184320,65535
2022-10-07 21:33:00.528133,8,56,478720,65535
2022-10-07 21:33:00.579333,8,48,12910080,65535
2022-10-07 21:33:00.730768,8,40,167769600,750
2022-10-07 21:33:01.382837,8,32,167769600,1
2022-10-07 21:33:01.534316,8,24,167769600,0
2022-10-07 21:33:01.534346,8,16,167769600,0
2022-10-07 21:33:01.534360,8,8,167769600,0
2022-10-07 21:33:01.685891,8,0,167769600,0
2022-10-07 21:33:01.737128,16,-127,128000,65535
2022-10-07 21:33:01.788315,16,-120,130560,65535
2022-10-07 21:33:01.839518,16,-112,130560,65535
2022-10-07 21:33:02.391361,16,-104,130560,65535
2022-10-07 21:33:02.442489,16,-96,130560,65535
2022-10-07 21:33:02.493725,16,-88,130560,65535
2022-10-07 21:33:02.545530,16,-80,130560,65535
2022-10-07 21:33:02.596765,16,-72,133120,65535
2022-10-07 21:33:02.647897,16,-64,207360,65535
2022-10-07 21:33:02.699086,16,-56,1008640,65535
2022-10-07 21:33:02.850483,16,-48,167769600,39145
2022-10-07 21:33:03.502382,16,-40,167769600,33
2022-10-07 21:33:03.653649,16,-32,167769600,0
2022-10-07 21:33:03.653680,16,-24,167769600,0
2022-10-07 21:33:03.653694,16,-16,167769600,0
2022-10-07 21:33:03.653707,16,-8,167769600,0
2022-10-07 21:33:03.704820,16,127,130560,65535
2022-10-07 21:33:03.755945,16,120,133120,65535
2022-10-07 21:33:03.807113,16,112,133120,65535
2022-10-07 21:33:03.858289,16,104,133120,65535
2022-10-07 21:33:04.410304,16,96,133120,65535
2022-10-07 21:33:04.461486,16,88,133120,65535
2022-10-07 21:33:04.512634,16,80,133120,65535
2022-10-07 21:33:04.563717,16,72,133120,65535
2022-10-07 21:33:04.614846,16,64,194560,65535
2022-10-07 21:33:04.665973,16,56,616960,65535
2022-10-07 21:33:04.817433,16,48,61465600,65535
2022-10-07 21:33:05.469498,16,40,167769600,58
2022-10-07 21:33:05.620948,16,32,167769600,0
2022-10-07 21:33:05.620978,16,24,167769600,0
2022-10-07 21:33:05.620992,16,16,167769600,0
2022-10-07 21:33:05.621004,16,8,167769600,0
2022-10-07 21:33:05.772447,16,0,167769600,0
2022-10-07 21:33:05.823620,24,-127,128000,65535
2022-10-07 21:33:05.874765,24,-120,130560,65535
2022-10-07 21:33:05.925909,24,-112,130560,65535
2022-10-07 21:33:06.477655,24,-104,130560,65535
2022-10-07 21:33:06.528758,24,-96,130560,65535
2022-10-07 21:33:06.579887,24,-88,130560,65535
2022-10-07 21:33:06.631020,24,-80,130560,65535
2022-10-07 21:33:06.682193,24,-72,133120,65535
2022-10-07 21:33:06.733356,24,-64,215040,65535
2022-10-07 21:33:06.784615,24,-56,1674240,65535
2022-10-07 21:33:06.936138,24,-48,167769600,6420
2022-10-07 21:33:07.588385,24,-40,167769600,2
2022-10-07 21:33:07.739966,24,-32,167769600,0
2022-10-07 21:33:07.739996,24,-24,167769600,0
2022-10-07 21:33:07.740010,24,-16,167769600,0
2022-10-07 21:33:07.740022,24,-8,167769600,0
2022-10-07 21:33:07.791164,24,127,130560,65535
2022-10-07 21:33:07.842349,24,120,133120,65535
2022-10-07 21:33:07.893520,24,112,133120,65535
2022-10-07 21:33:07.944839,24,104,133120,65535
2022-10-07 21:33:08.496602,24,96,133120,65535
2022-10-07 21:33:08.547859,24,88,133120,65535
2022-10-07 21:33:08.598937,24,80,133120,65535
2022-10-07 21:33:08.650289,24,72,133120,65535
2022-10-07 21:33:08.701531,24,64,204800,65535
2022-10-07 21:33:08.752729,24,56,734720,65535
2022-10-07 21:33:08.904423,24,48,167769600,42082
2022-10-07 21:33:09.556511,24,40,167769600,4
2022-10-07 21:33:09.707986,24,32,167769600,0
2022-10-07 21:33:09.708017,24,24,167769600,0
2022-10-07 21:33:09.708031,24,16,167769600,0
2022-10-07 21:33:09.708043,24,8,167769600,0
2022-10-07 21:33:09.859473,24,0,167769600,0
2022-10-07 21:33:09.910641,32,-127,128000,65535
2022-10-07 21:33:09.961820,32,-120,130560,65535
2022-10-07 21:33:10.012912,32,-112,130560,65535
2022-10-07 21:33:10.564693,32,-104,130560,65535
2022-10-07 21:33:10.615947,32,-96,130560,65535
2022-10-07 21:33:10.667030,32,-88,130560,65535
2022-10-07 21:33:10.718191,32,-80,130560,65535
2022-10-07 21:33:10.769322,32,-72,133120,65535
2022-10-07 21:33:10.820461,32,-64,212480,65535
2022-10-07 21:33:10.871624,32,-56,1712640,65535
2022-10-07 21:33:11.023276,32,-48,167769600,5163
2022-10-07 21:33:11.675630,32,-40,167769600,1
2022-10-07 21:33:11.827170,32,-32,167769600,0
2022-10-07 21:33:11.827200,32,-24,167769600,0
2022-10-07 21:33:11.827213,32,-16,167769600,0
2022-10-07 21:33:11.827226,32,-8,167769600,0
2022-10-07 21:33:11.878404,32,127,130560,65535
2022-10-07 21:33:11.929525,32,120,133120,65535
2022-10-07 21:33:11.980790,32,112,133120,65535
2022-10-07 21:33:12.032015,32,104,133120,65535
2022-10-07 21:33:12.583590,32,96,133120,65535
2022-10-07 21:33:12.634781,32,88,133120,65535
2022-10-07 21:33:12.685957,32,80,133120,65535
2022-10-07 21:33:12.737050,32,72,133120,65535
2022-10-07 21:33:12.788220,32,64,199680,65535
2022-10-07 21:33:12.839347,32,56,762880,65535
2022-10-07 21:33:12.990769,32,48,138145280,65535
2022-10-07 21:33:13.642839,32,40,167769600,87
2022-10-07 21:33:13.794434,32,32,167769600,0
2022-10-07 21:33:13.794470,32,24,167769600,0
2022-10-07 21:33:13.794484,32,16,167769600,0
2022-10-07 21:33:13.794497,32,8,167769600,0
2022-10-07 21:33:13.945991,32,0,167769600,0
2022-10-07 21:33:13.997149,40,-127,128000,65535
2022-10-07 21:33:14.048166,40,-120,130560,65535
2022-10-07 21:33:14.099301,40,-112,130560,65535
2022-10-07 21:33:14.651135,40,-104,130560,65535
2022-10-07 21:33:14.702428,40,-96,130560,65535
2022-10-07 21:33:14.753771,40,-88,130560,65535
2022-10-07 21:33:14.804979,40,-80,130560,65535
2022-10-07 21:33:14.856337,40,-72,133120,65535
2022-10-07 21:33:14.907462,40,-64,197120,65535
2022-10-07 21:33:14.958712,40,-56,1123840,65535
2022-10-07 21:33:15.110338,40,-48,82854400,65535
2022-10-07 21:33:15.762361,40,-40,167769600,522
2022-10-07 21:33:15.913781,40,-32,167769600,2
2022-10-07 21:33:16.065578,40,-24,167769600,0
2022-10-07 21:33:16.065609,40,-16,167769600,0
2022-10-07 21:33:16.065623,40,-8,167769600,0
2022-10-07 21:33:16.116776,40,127,130560,65535
2022-10-07 21:33:16.668583,40,120,133120,65535
2022-10-07 21:33:16.719746,40,112,133120,65535
2022-10-07 21:33:16.770936,40,104,133120,65535
2022-10-07 21:33:16.822139,40,96,133120,65535
2022-10-07 21:33:16.873422,40,88,133120,65535
2022-10-07 21:33:16.924367,40,80,133120,65535
2022-10-07 21:33:16.975603,40,72,133120,65535
2022-10-07 21:33:17.026850,40,64,192000,65535
2022-10-07 21:33:17.078044,40,56,709120,65535
2022-10-07 21:33:17.129233,40,48,17162240,65535
2022-10-07 21:33:17.781369,40,40,167769600,4596
2022-10-07 21:33:17.932945,40,32,167769600,4
2022-10-07 21:33:18.084663,40,24,167769600,0
2022-10-07 21:33:18.084694,40,16,167769600,0
2022-10-07 21:33:18.084707,40,8,167769600,0
2022-10-07 21:33:18.736805,40,0,167769600,0
2022-10-07 21:33:18.787996,48,-127,128000,65535
2022-10-07 21:33:18.839289,48,-120,130560,65535
2022-10-07 21:33:18.890342,48,-112,130560,65535
2022-10-07 21:33:18.941467,48,-104,130560,65535
2022-10-07 21:33:18.992586,48,-96,130560,65535
2022-10-07 21:33:19.043746,48,-88,130560,65535
2022-10-07 21:33:19.094945,48,-80,130560,65535
2022-10-07 21:33:19.146179,48,-72,133120,65535
2022-10-07 21:33:19.197411,48,-64,179200,65535
2022-10-07 21:33:19.749300,48,-56,588800,65535
2022-10-07 21:33:19.800474,48,-48,7367680,65535
2022-10-07 21:33:19.952103,48,-40,167769600,24146
2022-10-07 21:33:20.103688,48,-32,167769600,86
2022-10-07 21:33:20.755881,48,-24,167769600,0
2022-10-07 21:33:20.755913,48,-16,167769600,0
2022-10-07 21:33:20.755927,48,-8,167769600,0
2022-10-07 21:33:20.807119,48,127,130560,65535
2022-10-07 21:33:20.858410,48,120,133120,65535
2022-10-07 21:33:20.909437,48,112,133120,65535
2022-10-07 21:33:20.960532,48,104,133120,65535
2022-10-07 21:33:21.011657,48,96,133120,65535
2022-10-07 21:33:21.062790,48,88,133120,65535
2022-10-07 21:33:21.113949,48,80,133120,65535
2022-10-07 21:33:21.165150,48,72,133120,65535
2022-10-07 21:33:21.216326,48,64,186880,65535
2022-10-07 21:33:21.767988,48,56,514560,65535
2022-10-07 21:33:21.819214,48,48,4295680,65535
2022-10-07 21:33:21.970808,48,40,153315840,65535
2022-10-07 21:33:22.122366,48,32,167769600,637
2022-10-07 21:33:22.774561,48,24,167769600,2
2022-10-07 21:33:22.926140,48,16,167769600,0
2022-10-07 21:33:22.926171,48,8,167769600,0
2022-10-07 21:33:23.077604,48,0,167769600,0
2022-10-07 21:33:23.128740,56,-127,128000,65535
2022-10-07 21:33:23.179895,56,-120,130560,65535
2022-10-07 21:33:23.231082,56,-112,130560,65535
2022-10-07 21:33:23.782878,56,-104,130560,65535
2022-10-07 21:33:23.834045,56,-96,130560,65535
2022-10-07 21:33:23.885259,56,-88,130560,65535
2022-10-07 21:33:23.936440,56,-80,130560,65535
2022-10-07 21:33:23.987555,56,-72,133120,65535
2022-10-07 21:33:24.038682,56,-64,174080,65535
2022-10-07 21:33:24.089903,56,-56,394240,65535
2022-10-07 21:33:24.141231,56,-48,1528320,65535
2022-10-07 21:33:24.192493,56,-40,24878080,65535
2022-10-07 21:33:24.844617,56,-32,167769600,7306
2022-10-07 21:33:24.996235,56,-24,167769600,56
2022-10-07 21:33:25.147860,56,-16,167769600,0
2022-10-07 21:33:25.147890,56,-8,167769600,0
2022-10-07 21:33:25.199183,56,127,130560,65535
2022-10-07 21:33:25.250529,56,120,133120,65535
2022-10-07 21:33:25.301662,56,112,133120,65535
2022-10-07 21:33:25.853544,56,104,133120,65535
2022-10-07 21:33:25.904675,56,96,133120,65535
2022-10-07 21:33:25.955823,56,88,133120,65535
2022-10-07 21:33:26.007098,56,80,133120,65535
2022-10-07 21:33:26.058273,56,72,133120,65535
2022-10-07 21:33:26.109602,56,64,179200,65535
2022-10-07 21:33:26.160728,56,56,394240,65535
2022-10-07 21:33:26.211931,56,48,1423360,65535
2022-10-07 21:33:26.263105,56,40,13529600,65535
2022-10-07 21:33:26.915262,56,32,167769600,27281
2022-10-07 21:33:27.066859,56,24,167769600,349
2022-10-07 21:33:27.218311,56,16,167769600,0
2022-10-07 21:33:27.218341,56,8,167769600,0
2022-10-07 21:33:27.369796,56,0,167769600,0
2022-10-07 21:33:27.921712,64,-127,128000,65535
2022-10-07 21:33:27.972999,64,-120,130560,65535
2022-10-07 21:33:28.024298,64,-112,130560,65535
2022-10-07 21:33:28.075479,64,-104,130560,65535
2022-10-07 21:33:28.126691,64,-96,130560,65535
2022-10-07 21:33:28.177871,64,-88,130560,65535
2022-10-07 21:33:28.229088,64,-80,130560,65535
2022-10-07 21:33:28.280258,64,-72,133120,65535
2022-10-07 21:33:28.331773,64,-64,174080,65535
2022-10-07 21:33:28.382924,64,-56,302080,65535
2022-10-07 21:33:28.934674,64,-48,604160,65535
2022-10-07 21:33:28.985841,64,-40,3074560,65535
2022-10-07 21:33:29.037041,64,-32,57894400,65535
2022-10-07 21:33:29.188674,64,-24,167769600,6434
2022-10-07 21:33:29.340147,64,-16,167769600,40
2022-10-07 21:33:29.992321,64,-8,167769600,0
2022-10-07 21:33:30.043541,64,127,130560,65535
2022-10-07 21:33:30.094713,64,120,133120,65535
2022-10-07 21:33:30.145892,64,112,133120,65535
2022-10-07 21:33:30.197050,64,104,133120,65535
2022-10-07 21:33:30.248370,64,96,133120,65535
2022-10-07 21:33:30.299532,64,88,133120,65535
2022-10-07 21:33:30.350701,64,80,133120,65535
2022-10-07 21:33:30.401793,64,72,133120,65535
2022-10-07 21:33:30.452920,64,64,176640,65535
2022-10-07 21:33:31.004812,64,56,307200,65535
2022-10-07 21:33:31.055856,64,48,668160,65535
2022-10-07 21:33:31.107030,64,40,3054080,65535
2022-10-07 21:33:31.158262,64,32,33157120,65535
2022-10-07 21:33:31.309728,64,24,167769600,12745
2022-10-07 21:33:31.461181,64,16,167769600,176
2022-10-07 21:33:32.113325,64,8,167769600,0
2022-10-07 21:33:32.264782,64,0,167769600,0
2022-10-07 21:33:32.315995,72,-127,128000,65535
2022-10-07 21:33:32.367151,72,-120,130560,65535
2022-10-07 21:33:32.418364,72,-112,130560,65535
2022-10-07 21:33:32.469604,72,-104,130560,65535
2022-10-07 21:33:33.021485,72,-96,130560,65535
2022-10-07 21:33:33.072654,72,-88,130560,65535
2022-10-07 21:33:33.123818,72,-80,130560,65535
2022-10-07 21:33:33.174912,72,-72,133120,65535
2022-10-07 21:33:33.226039,72,-64,174080,65535
2022-10-07 21:33:33.277197,72,-56,271360,65535
2022-10-07 21:33:33.328330,72,-48,371200,65535
2022-10-07 21:33:33.379468,72,-40,888320,65535
2022-10-07 21:33:33.430640,72,-32,6318080,65535
2022-10-07 21:33:34.083128,72,-24,71912960,65535
2022-10-07 21:33:34.234423,72,-16,167769600,3964
2022-10-07 21:33:34.385956,72,-8,167769600,17
2022-10-07 21:33:34.437007,72,127,130560,65535
2022-10-07 21:33:34.488310,72,120,133120,65535
2022-10-07 21:33:34.539584,72,112,133120,65535
2022-10-07 21:33:35.091466,72,104,133120,65535
2022-10-07 21:33:35.142697,72,96,133120,65535
2022-10-07 21:33:35.193854,72,88,133120,65535
2022-10-07 21:33:35.245049,72,80,133120,65535
2022-10-07 21:33:35.296281,72,72,135680,65535
2022-10-07 21:33:35.347553,72,64,171520,65535
2022-10-07 21:33:35.398727,72,56,268800,65535
2022-10-07 21:33:35.449900,72,48,391680,65535
2022-10-07 21:33:35.501006,72,40,970240,65535
2022-10-07 21:33:35.552185,72,32,4782080,65535
2022-10-07 21:33:36.103889,72,24,54530560,65535
2022-10-07 21:33:36.255348,72,16,167769600,7277
2022-10-07 21:33:36.406770,72,8,167769600,95
2022-10-07 21:33:36.558350,72,0,167769600,0
2022-10-07 21:33:37.110128,80,-127,128000,65535
2022-10-07 21:33:37.161424,80,-120,130560,65535
2022-10-07 21:33:37.212625,80,-112,130560,65535
2022-10-07 21:33:37.263886,80,-104,130560,65535
2022-10-07 21:33:37.315035,80,-96,130560,65535
2022-10-07 21:33:37.366205,80,-88,130560,65535
2022-10-07 21:33:37.417342,80,-80,130560,65535
2022-10-07 21:33:37.468592,80,-72,133120,65535
2022-10-07 21:33:37.519771,80,-64,179200,65535
2022-10-07 21:33:37.571002,80,-56,263680,65535
2022-10-07 21:33:38.122855,80,-48,289280,65535
2022-10-07 21:33:38.174040,80,-40,432640,65535
2022-10-07 21:33:38.225150,80,-32,1244160,65535
2022-10-07 21:33:38.276286,80,-24,6656000,65535
2022-10-07 21:33:38.427703,80,-16,96291840,65535
2022-10-07 21:33:38.579223,80,-8,167769600,2057
2022-10-07 21:33:39.131099,80,127,130560,65535
2022-10-07 21:33:39.182232,80,120,133120,65535
2022-10-07 21:33:39.233349,80,112,133120,65535
2022-10-07 21:33:39.284564,80,104,133120,65535
2022-10-07 21:33:39.335805,80,96,133120,65535
2022-10-07 21:33:39.387095,80,88,133120,65535
2022-10-07 21:33:39.438187,80,80,133120,65535
2022-10-07 21:33:39.489385,80,72,133120,65535
2022-10-07 21:33:39.540492,80,64,176640,65535
2022-10-07 21:33:39.591661,80,56,258560,65535
2022-10-07 21:33:40.143467,80,48,302080,65535
2022-10-07 21:33:40.194733,80,40,478720,65535
2022-10-07 21:33:40.246029,80,32,1408000,65535
2022-10-07 21:33:40.297409,80,24,8174080,65535
2022-10-07 21:33:40.448666,80,16,100700160,65535
2022-10-07 21:33:40.600274,80,8,167769600,3029
2022-10-07 21:33:41.252291,80,0,167769600,73
2022-10-07 21:33:41.303412,88,-127,128000,65535
2022-10-07 21:33:41.354665,88,-120,130560,65535
2022-10-07 21:33:41.405789,88,-112,130560,65535
2022-10-07 21:33:41.457040,88,-104,130560,65535
2022-10-07 21:33:41.508404,88,-96,130560,65535
2022-10-07 21:33:41.559387,88,-88,130560,65535
2022-10-07 21:33:41.610638,88,-80,130560,65535
2022-10-07 21:33:42.162398,88,-72,133120,65535
2022-10-07 21:33:42.213493,88,-64,176640,65535
2022-10-07 21:33:42.264808,88,-56,258560,65535
2022-10-07 21:33:42.315977,88,-48,268800,65535
2022-10-07 21:33:42.367205,88,-40,309760,65535
2022-10-07 21:33:42.418342,88,-32,527360,65535
2022-10-07 21:33:42.469376,88,-24,1410560,65535
2022-10-07 21:33:42.520480,88,-16,8901120,65535
2022-10-07 21:33:43.172592,88,-8,167769600,55899
2022-10-07 21:33:43.223900,88,127,130560,65535
2022-10-07 21:33:43.275170,88,120,133120,65535
2022-10-07 21:33:43.326419,88,112,133120,65535
2022-10-07 21:33:43.377524,88,104,133120,65535
2022-10-07 21:33:43.428655,88,96,133120,65535
2022-10-07 21:33:43.479907,88,88,133120,65535
2022-10-07 21:33:43.531131,88,80,133120,65535
2022-10-07 21:33:43.582330,88,72,133120,65535
2022-10-07 21:33:43.633395,88,64,176640,65535
2022-10-07 21:33:44.185144,88,56,253440,65535
2022-10-07 21:33:44.236341,88,48,271360,65535
2022-10-07 21:33:44.287416,88,40,330240,65535
2022-10-07 21:33:44.338521,88,32,591360,65535
2022-10-07 21:33:44.389651,88,24,1761280,65535
2022-10-07 21:33:44.440795,88,16,11256320,65535
2022-10-07 21:33:44.592302,88,8,164336640,65535
2022-10-07 21:33:45.244342,88,0,167769600,5066
2022-10-07 21:33:45.295425,96,-127,128000,65535
2022-10-07 21:33:45.346679,96,-120,130560,65535
2022-10-07 21:33:45.397958,96,-112,130560,65535
2022-10-07 21:33:45.449255,96,-104,130560,65535
2022-10-07 21:33:45.500414,96,-96,130560,65535
2022-10-07 21:33:45.551578,96,-88,130560,65535
2022-10-07 21:33:45.602727,96,-80,130560,65535
2022-10-07 21:33:45.653870,96,-72,133120,65535
2022-10-07 21:33:45.705109,96,-64,181760,65535
2022-10-07 21:33:46.256896,96,-56,261120,65535
2022-10-07 21:33:46.308177,96,-48,263680,65535
2022-10-07 21:33:46.359488,96,-40,268800,65535
2022-10-07 21:33:46.410500,96,-32,332800,65535
2022-10-07 21:33:46.461629,96,-24,519680,65535
2022-10-07 21:33:46.512856,96,-16,1594880,65535
2022-10-07 21:33:46.564134,96,-8,14310400,65535
2022-10-07 21:33:46.615383,96,127,130560,65535
2022-10-07 21:33:46.666483,96,120,133120,65535
2022-10-07 21:33:46.717595,96,112,133120,65535
2022-10-07 21:33:47.269362,96,104,133120,65535
2022-10-07 21:33:47.320491,96,96,133120,65535
2022-10-07 21:33:47.371528,96,88,133120,65535
2022-10-07 21:33:47.422659,96,80,133120,65535
2022-10-07 21:33:47.473797,96,72,133120,65535
2022-10-07 21:33:47.525107,96,64,176640,65535
2022-10-07 21:33:47.576310,96,56,253440,65535
2022-10-07 21:33:47.627554,96,48,263680,65535
2022-10-07 21:33:47.678641,96,40,281600,65535
2022-10-07 21:33:47.729836,96,32,360960,65535
2022-10-07 21:33:48.281592,96,24,732160,65535
2022-10-07 21:33:48.332727,96,16,2501120,65535
2022-10-07 21:33:48.383901,96,8,18301440,65535
2022-10-07 21:33:48.535546,96,0,106490880,65535
2022-10-07 21:33:48.586718,104,-127,128000,65535
2022-10-07 21:33:48.637844,104,-120,130560,65535
2022-10-07 21:33:48.688980,104,-112,130560,65535
2022-10-07 21:33:48.740170,104,-104,130560,65535
2022-10-07 21:33:49.291970,104,-96,130560,65535
2022-10-07 21:33:49.343210,104,-88,130560,65535
2022-10-07 21:33:49.394256,104,-80,130560,65535
2022-10-07 21:33:49.445454,104,-72,133120,65535
2022-10-07 21:33:49.496587,104,-64,181760,65535
2022-10-07 21:33:49.547643,104,-56,261120,65535
2022-10-07 21:33:49.598798,104,-48,258560,65535
2022-10-07 21:33:49.649929,104,-40,263680,65535
2022-10-07 21:33:49.701183,104,-32,279040,65535
2022-10-07 21:33:49.752373,104,-24,337920,65535
2022-10-07 21:33:50.304405,104,-16,622080,65535
2022-10-07 21:33:50.355561,104,-8,2293760,65535
2022-10-07 21:33:50.406717,104,127,130560,65535
2022-10-07 21:33:50.457851,104,120,133120,65535
2022-10-07 21:33:50.508993,104,112,133120,65535
2022-10-07 21:33:50.560257,104,104,133120,65535
2022-10-07 21:33:50.611529,104,96,133120,65535
2022-10-07 21:33:50.662645,104,88,133120,65535
2022-10-07 21:33:50.713806,104,80,133120,65535
2022-10-07 21:33:50.764939,104,72,133120,65535
2022-10-07 21:33:51.316692,104,64,181760,65535
2022-10-07 21:33:51.367834,104,56,250880,65535
2022-10-07 21:33:51.418965,104,48,261120,65535
2022-10-07 21:33:51.470134,104,40,266240,65535
2022-10-07 21:33:51.521312,104,32,289280,65535
2022-10-07 21:33:51.572484,104,24,407040,65535
2022-10-07 21:33:51.623648,104,16,839680,65535
2022-10-07 21:33:51.674722,104,8,3368960,65535
2022-10-07 21:33:51.725958,104,0,10393600,65535
2022-10-07 21:33:51.777283,112,-127,128000,65535
2022-10-07 21:33:52.329169,112,-120,130560,65535
2022-10-07 21:33:52.380386,112,-112,130560,65535
2022-10-07 21:33:52.431631,112,-104,130560,65535
2022-10-07 21:33:52.482773,112,-96,130560,65535
2022-10-07 21:33:52.533926,112,-88,130560,65535
2022-10-07 21:33:52.585080,112,-80,130560,65535
2022-10-07 21:33:52.636245,112,-72,133120,65535
2022-10-07 21:33:52.687406,112,-64,184320,65535
2022-10-07 21:33:52.738693,112,-56,261120,65535
2022-10-07 21:33:52.790183,112,-48,258560,65535
2022-10-07 21:33:53.342201,112,-40,261120,65535
2022-10-07 21:33:53.393361,112,-32,263680,65535
2022-10-07 21:33:53.444648,112,-24,279040,65535
2022-10-07 21:33:53.495775,112,-16,355840,65535
2022-10-07 21:33:53.546953,112,-8,737280,65535
2022-10-07 21:33:53.598112,112,127,130560,65535
2022-10-07 21:33:53.649367,112,120,133120,65535
2022-10-07 21:33:53.700549,112,112,133120,65535
2022-10-07 21:33:53.751897,112,104,133120,65535
2022-10-07 21:33:53.802951,112,96,133120,65535
2022-10-07 21:33:54.354724,112,88,133120,65535
2022-10-07 21:33:54.405974,112,80,133120,65535
2022-10-07 21:33:54.457130,112,72,133120,65535
2022-10-07 21:33:54.508390,112,64,179200,65535
2022-10-07 21:33:54.559553,112,56,253440,65535
2022-10-07 21:33:54.610681,112,48,258560,65535
2022-10-07 21:33:54.661880,112,40,261120,65535
2022-10-07 21:33:54.713006,112,32,268800,65535
2022-10-07 21:33:54.764212,112,24,299520,65535
2022-10-07 21:33:54.815357,112,16,442880,65535
2022-10-07 21:33:55.367225,112,8,1034240,65535
2022-10-07 21:33:55.418410,112,0,1792000,65535
2022-10-07 21:33:55.469698,120,-127,130560,65535
2022-10-07 21:33:55.520851,120,-120,130560,65535
2022-10-07 21:33:55.571905,120,-112,130560,65535
2022-10-07 21:33:55.623046,120,-104,130560,65535
2022-10-07 21:33:55.674207,120,-96,130560,65535
2022-10-07 21:33:55.725358,120,-88,130560,65535
2022-10-07 21:33:55.776505,120,-80,130560,65535
2022-10-07 21:33:55.827709,120,-72,133120,65535
2022-10-07 21:33:56.379600,120,-64,179200,65535
2022-10-07 21:33:56.430778,120,-56,261120,65535
2022-10-07 21:33:56.481887,120,-48,261120,65535
2022-10-07 21:33:56.533021,120,-40,261120,65535
2022-10-07 21:33:56.584186,120,-32,261120,65535
2022-10-07 21:33:56.635334,120,-24,263680,65535
2022-10-07 21:33:56.686478,120,-16,286720,65535
2022-10-07 21:33:56.737674,120,-8,381440,65535
2022-10-07 21:33:56.788851,120,127,133120,65535
2022-10-07 21:33:56.839933,120,120,133120,65535
2022-10-07 21:33:57.391823,120,112,133120,65535
2022-10-07 21:33:57.442953,120,104,133120,65535
2022-10-07 21:33:57.494130,120,96,133120,65535
2022-10-07 21:33:57.545285,120,88,133120,65535
2022-10-07 21:33:57.596425,120,80,133120,65535
2022-10-07 21:33:57.647608,120,72,133120,65535
2022-10-07 21:33:57.698794,120,64,181760,65535
2022-10-07 21:33:57.750133,120,56,256000,65535
2022-10-07 21:33:57.801191,120,48,261120,65535
2022-10-07 21:33:57.852323,120,40,261120,65535
2022-10-07 21:33:58.404122,120,32,263680,65535
2022-10-07 21:33:58.455356,120,24,271360,65535
2022-10-07 21:33:58.506627,120,16,309760,65535
2022-10-07 21:33:58.558004,120,8,471040,65535
2022-10-07 21:33:58.609209,120,0,542720,65535
2022-10-07 21:33:58.660453,128,-127,128000,65535
2022-10-07 21:33:58.711609,128,-120,130560,65535
2022-10-07 21:33:58.762833,128,-112,130560,65535
2022-10-07 21:33:58.814219,128,-104,130560,65535
2022-10-07 21:33:58.865320,128,-96,130560,65535
2022-10-07 21:33:59.417094,128,-88,130560,65535
2022-10-07 21:33:59.468235,128,-80,130560,65535
2022-10-07 21:33:59.519359,128,-72,133120,65535
2022-10-07 21:33:59.570484,128,-64,179200,65535
2022-10-07 21:33:59.621640,128,-56,258560,65535
2022-10-07 21:33:59.672845,128,-48,258560,65535
2022-10-07 21:33:59.723968,128,-40,261120,65535
2022-10-07 21:33:59.774865,128,-32,261120,65535
2022-10-07 21:33:59.826006,128,-24,261120,65535
2022-10-07 21:33:59.877105,128,-16,263680,65535
2022-10-07 21:34:00.428956,128,-8,258560,65535
2022-10-07 21:34:00.480090,128,127,130560,65535
2022-10-07 21:34:00.531224,128,120,133120,65535
2022-10-07 21:34:00.582357,128,112,133120,65535
2022-10-07 21:34:00.633475,128,104,133120,65535
2022-10-07 21:34:00.684620,128,96,133120,65535
2022-10-07 21:34:00.735798,128,88,133120,65535
2022-10-07 21:34:00.786983,128,80,133120,65535
2022-10-07 21:34:00.838108,128,72,133120,65535
2022-10-07 21:34:00.889288,128,64,179200,65535
2022-10-07 21:34:01.441021,128,56,250880,65535
2022-10-07 21:34:01.492149,128,48,261120,65535
2022-10-07 21:34:01.543279,128,40,261120,65535
2022-10-07 21:34:01.594397,128,32,261120,65535
2022-10-07 21:34:01.645497,128,24,263680,65535
2022-10-07 21:34:01.696656,128,16,266240,65535
2022-10-07 21:34:01.747858,128,8,266240,65535
2022-10-07 21:34:01.799046,128,0,263680,65535
2022-10-07 21:34:02.552016,-56,8,335539200,60
2022-10-07 21:34:02.904306,-56,0,335539200,10
2022-10-07 21:34:03.556334,-48,-8,335539200,46
2022-10-07 21:34:03.908434,-48,8,335539200,5
2022-10-07 21:34:04.560497,-48,0,335539200,3
2022-10-07 21:34:04.912783,-40,-8,335539200,4
2022-10-07 21:34:05.565104,-40,16,335539200,18
2022-10-07 21:34:05.917362,-40,8,335539200,0
2022-10-07 21:34:06.569308,-40,0,335539200,0
2022-10-07 21:34:06.921312,-32,-16,335539200,19
2022-10-07 21:34:07.573301,-32,-8,335539200,0
2022-10-07 21:34:07.925537,-32,16,335539200,0
2022-10-07 21:34:07.925568,-32,8,335539200,0
2022-10-07 21:34:08.577719,-32,0,335539200,0
2022-10-07 21:34:08.929779,-24,-16,335539200,1
2022-10-07 21:34:09.581930,-24,-8,335539200,0
2022-10-07 21:34:09.934190,-24,24,335539200,24
2022-10-07 21:34:10.586273,-24,16,335539200,0
2022-10-07 21:34:10.586304,-24,8,335539200,0
2022-10-07 21:34:10.938367,-24,0,335539200,0
2022-10-07 21:34:11.590383,-16,-24,335539200,24
2022-10-07 21:34:11.942419,-16,-16,335539200,0
2022-10-07 21:34:11.942456,-16,-8,335539200,0
2022-10-07 21:34:12.594419,-16,24,335539200,0
2022-10-07 21:34:12.594453,-16,16,335539200,0
2022-10-07 21:34:12.594468,-16,8,335539200,0
2022-10-07 21:34:12.946454,-16,0,335539200,0
2022-10-07 21:34:13.598443,-8,-32,335539200,91
2022-10-07 21:34:13.950489,-8,-24,335539200,0
2022-10-07 21:34:13.950524,-8,-16,335539200,0
2022-10-07 21:34:13.950541,-8,-8,335539200,0
2022-10-07 21:34:14.602516,-8,32,335539200,53
2022-10-07 21:34:14.954559,-8,24,335539200,0
2022-10-07 21:34:14.954595,-8,16,335539200,0
2022-10-07 21:34:14.954611,-8,8,335539200,0
2022-10-07 21:34:15.606560,-8,0,335539200,0
2022-10-07 21:34:15.958603,0,-32,335539200,4
2022-10-07 21:34:16.610719,0,-24,335539200,0
2022-10-07 21:34:16.610755,0,-16,335539200,0
2022-10-07 21:34:16.610771,0,-8,335539200,0
2022-10-07 21:34:16.962801,0,32,335539200,2
2022-10-07 21:34:17.614958,0,24,335539200,0
2022-10-07 21:34:17.614988,0,16,335539200,0
2022-10-07 21:34:17.615002,0,8,335539200,0
2022-10-07 21:34:17.967041,0,0,335539200,0
2022-10-07 21:34:18.619124,8,-32,335539200,1
2022-10-07 21:34:18.971440,8,-24,335539200,0
2022-10-07 21:34:18.971471,8,-16,335539200,0
2022-10-07 21:34:18.971484,8,-8,335539200,0
2022-10-07 21:34:19.623680,8,32,335539200,1
2022-10-07 21:34:19.975759,8,24,335539200,0
2022-10-07 21:34:19.975795,8,16,335539200,0
2022-10-07 21:34:19.975811,8,8,335539200,0
2022-10-07 21:34:20.627760,8,0,335539200,0
2022-10-07 21:34:20.979989,16,-40,335539200,74
2022-10-07 21:34:21.632007,16,-32,335539200,0
2022-10-07 21:34:21.632041,16,-24,335539200,0
2022-10-07 21:34:21.632089,16,-16,335539200,0
2022-10-07 21:34:21.632105,16,-8,335539200,0
2022-10-07 21:34:21.984087,16,32,335539200,0
2022-10-07 21:34:21.984118,16,24,335539200,0
2022-10-07 21:34:21.984132,16,16,335539200,0
2022-10-07 21:34:21.984145,16,8,335539200,0
2022-10-07 21:34:22.636132,16,0,335539200,0
2022-10-07 21:34:22.988184,24,-40,335539200,0
2022-10-07 21:34:22.988215,24,-32,335539200,0
2022-10-07 21:34:22.988229,24,-24,335539200,0
2022-10-07 21:34:22.988241,24,-16,335539200,0
2022-10-07 21:34:22.988254,24,-8,335539200,0
2022-10-07 21:34:23.640395,24,40,335539200,5
2022-10-07 21:34:23.992520,24,32,335539200,0
2022-10-07 21:34:23.992550,24,24,335539200,0
2022-10-07 21:34:23.992564,24,16,335539200,0
2022-10-07 21:34:23.992577,24,8,335539200,0
2022-10-07 21:34:24.644641,24,0,335539200,0
2022-10-07 21:34:24.996754,32,-40,335539200,15
2022-10-07 21:34:25.648868,32,-32,335539200,0
2022-10-07 21:34:25.648898,32,-24,335539200,0
2022-10-07 21:34:25.648911,32,-16,335539200,0
2022-10-07 21:34:25.648924,32,-8,335539200,0
2022-10-07 21:34:26.001455,32,32,335539200,0
2022-10-07 21:34:26.001486,32,24,335539200,0
2022-10-07 21:34:26.001499,32,16,335539200,0
2022-10-07 21:34:26.001512,32,8,335539200,0
2022-10-07 21:34:26.653576,32,0,335539200,0
2022-10-07 21:34:27.005855,40,-32,335539200,1
2022-10-07 21:34:27.657941,40,-24,335539200,0
2022-10-07 21:34:27.657971,40,-16,335539200,0
2022-10-07 21:34:27.657985,40,-8,335539200,0
2022-10-07 21:34:28.010254,40,32,335539200,12
2022-10-07 21:34:28.662502,40,24,335539200,0
2022-10-07 21:34:28.662533,40,16,335539200,0
2022-10-07 21:34:28.662547,40,8,335539200,0
2022-10-07 21:34:29.014728,40,0,335539200,0
2022-10-07 21:34:29.666778,48,-24,335539200,2
2022-10-07 21:34:30.018866,48,-16,335539200,0
2022-10-07 21:34:30.018896,48,-8,335539200,0
2022-10-07 21:34:30.671218,48,24,335539200,3
2022-10-07 21:34:31.023296,48,16,335539200,0
2022-10-07 21:34:31.023332,48,8,335539200,0
2022-10-07 21:34:31.675531,48,0,335539200,0
2022-10-07 21:34:32.027581,56,-16,335539200,0
2022-10-07 21:34:32.027611,56,-8,335539200,0
2022-10-07 21:34:32.679601,56,16,335539200,1
2022-10-07 21:34:33.031655,56,8,335539200,0
2022-10-07 21:34:33.683661,56,0,335539200,0
2022-10-07 21:34:34.036116,64,-16,335539200,90
2022-10-07 21:34:34.688283,64,-8,335539200,0
2022-10-07 21:34:35.040310,64,8,335539200,3
2022-10-07 21:34:35.692452,64,0,335539200,0
2022-10-07 21:34:36.044525,72,-8,335539200,41
2022-10-07 21:34:36.696659,72,0,335539200,0
2022-10-07 21:34:37.750350,-56,0,671078400,22
2022-10-07 21:34:38.803704,-48,-8,671078400,78
2022-10-07 21:34:39.857244,-48,8,671078400,0
2022-10-07 21:34:40.910893,-48,0,671078400,0
2022-10-07 21:34:41.964168,-40,-8,671078400,5
2022-10-07 21:34:43.017587,-40,16,671078400,24
2022-10-07 21:34:44.071140,-40,8,671078400,0
2022-10-07 21:34:45.124641,-40,0,671078400,0
2022-10-07 21:34:46.178439,-32,-16,671078400,48
2022-10-07 21:34:47.231964,-32,-8,671078400,0
2022-10-07 21:34:48.285568,-32,16,671078400,0
2022-10-07 21:34:48.285598,-32,8,671078400,0
2022-10-07 21:34:49.339101,-32,0,671078400,0
2022-10-07 21:34:50.392365,-24,-16,671078400,4
2022-10-07 21:34:51.445962,-24,-8,671078400,0
2022-10-07 21:34:52.499562,-24,24,671078400,32
2022-10-07 21:34:53.553303,-24,16,671078400,0
2022-10-07 21:34:53.553339,-24,8,671078400,0
2022-10-07 21:34:54.606739,-24,0,671078400,0
2022-10-07 21:34:55.660467,-16,-24,671078400,20
2022-10-07 21:34:56.713824,-16,-16,671078400,0
2022-10-07 21:34:56.713855,-16,-8,671078400,0
2022-10-07 21:34:57.767697,-16,24,671078400,1
2022-10-07 21:34:58.821321,-16,16,671078400,0
2022-10-07 21:34:58.821351,-16,8,671078400,0
2022-10-07 21:34:59.875088,-16,0,671078400,0
2022-10-07 21:35:00.928825,-8,-24,671078400,6
2022-10-07 21:35:01.982416,-8,-16,671078400,0
2022-10-07 21:35:01.982447,-8,-8,671078400,0
2022-10-07 21:35:03.036318,-8,24,671078400,1
2022-10-07 21:35:04.090399,-8,16,671078400,0
2022-10-07 21:35:04.090430,-8,8,671078400,0
2022-10-07 21:35:05.144103,-8,0,671078400,0
2022-10-07 21:35:06.197815,0,-32,671078400,18
2022-10-07 21:35:07.251581,0,-24,671078400,0
2022-10-07 21:35:07.251612,0,-16,671078400,0
2022-10-07 21:35:07.251625,0,-8,671078400,0
2022-10-07 21:35:08.305303,0,32,671078400,4
2022-10-07 21:35:09.358637,0,24,671078400,0
2022-10-07 21:35:09.358668,0,16,671078400,0
2022-10-07 21:35:09.358681,0,8,671078400,0
2022-10-07 21:35:10.412560,0,0,671078400,0
2022-10-07 21:35:11.466227,8,-32,671078400,0
2022-10-07 21:35:11.466258,8,-24,671078400,0
2022-10-07 21:35:11.466272,8,-16,671078400,0
2022-10-07 21:35:11.466284,8,-8,671078400,0
2022-10-07 21:35:12.519652,8,32,671078400,0
2022-10-07 21:35:12.519684,8,24,671078400,0
2022-10-07 21:35:12.519697,8,16,671078400,0
2022-10-07 21:35:12.519709,8,8,671078400,0
2022-10-07 21:35:13.573274,8,0,671078400,0
2022-10-07 21:35:14.626787,16,-32,671078400,0
2022-10-07 21:35:14.626817,16,-24,671078400,0
2022-10-07 21:35:14.626831,16,-16,671078400,0
2022-10-07 21:35:14.626843,16,-8,671078400,0
2022-10-07 21:35:15.680330,16,32,671078400,0
2022-10-07 21:35:15.680362,16,24,671078400,0
2022-10-07 21:35:15.680375,16,16,671078400,0
2022-10-07 21:35:15.680387,16,8,671078400,0
2022-10-07 21:35:16.733785,16,0,671078400,0
2022-10-07 21:35:17.787403,24,-40,671078400,8
2022-10-07 21:35:18.840759,24,-32,671078400,0
2022-10-07 21:35:18.840791,24,-24,671078400,0
2022-10-07 21:35:18.840804,24,-16,671078400,0
2022-10-07 21:35:18.840817,24,-8,671078400,0
2022-10-07 21:35:19.894354,24,40,671078400,9
2022-10-07 21:35:20.947659,24,32,671078400,0
2022-10-07 21:35:20.947690,24,24,671078400,0
2022-10-07 21:35:20.947703,24,16,671078400,0
2022-10-07 21:35:20.947715,24,8,671078400,0
2022-10-07 21:35:22.001089,24,0,671078400,0
2022-10-07 21:35:23.054783,32,-40,671078400,7
2022-10-07 21:35:24.108198,32,-32,671078400,0
2022-10-07 21:35:24.108229,32,-24,671078400,0
2022-10-07 21:35:24.108242,32,-16,671078400,0
2022-10-07 21:35:24.108255,32,-8,671078400,0
2022-10-07 21:35:25.161877,32,32,671078400,0
2022-10-07 21:35:25.161907,32,24,671078400,0
2022-10-07 21:35:25.161920,32,16,671078400,0
2022-10-07 21:35:25.161933,32,8,671078400,0
2022-10-07 21:35:26.215487,32,0,671078400,0
2022-10-07 21:35:27.268840,40,-32,671078400,1
2022-10-07 21:35:28.322407,40,-24,671078400,0
2022-10-07 21:35:28.322438,40,-16,671078400,0
2022-10-07 21:35:28.322452,40,-8,671078400,0
2022-10-07 21:35:29.375866,40,32,671078400,26
2022-10-07 21:35:30.429323,40,24,671078400,0
2022-10-07 21:35:30.429354,40,16,671078400,0
2022-10-07 21:35:30.429368,40,8,671078400,0
2022-10-07 21:35:31.482749,40,0,671078400,0
2022-10-07 21:35:32.536631,48,-24,671078400,0
2022-10-07 21:35:32.536663,48,-16,671078400,0
2022-10-07 21:35:32.536677,48,-8,671078400,0
2022-10-07 21:35:33.590198,48,24,671078400,7
2022-10-07 21:35:34.643635,48,16,671078400,0
2022-10-07 21:35:34.643666,48,8,671078400,0
2022-10-07 21:35:35.697337,48,0,671078400,0
2022-10-07 21:35:36.751027,56,-16,671078400,3
2022-10-07 21:35:37.804571,56,-8,671078400,0
2022-10-07 21:35:38.857945,56,16,671078400,4
2022-10-07 21:35:39.911559,56,8,671078400,0
2022-10-07 21:35:40.965011,56,0,671078400,0
2022-10-07 21:35:42.018424,64,-8,671078400,0
2022-10-07 21:35:43.071654,64,8,671078400,0
2022-10-07 21:35:44.124884,64,0,671078400,0
2022-10-07 21:35:45.178364,72,-8,671078400,65
2022-10-07 21:35:46.231920,72,0,671078400,2
